project,category,signal,covered_by,verified_value
AdaptiveCpp,Identity & access infrastructure,multi_maintainer,"Scorecard (Code-Review/Contributors, partial)",
AdaptiveCpp,Identity & access infrastructure,mfa_on_channel_admins,,
AdaptiveCpp,Identity & access infrastructure,channel_admin_transfer,,
AdaptiveCpp,Communication channels,official_channel_statement,,
AdaptiveCpp,Communication channels,impersonation_reporting,,
AdaptiveCpp,Knowledge infrastructure,disclosure_depth,,
AdaptiveCpp,Distribution metadata,signed_releases,Scorecard (Signed-Releases); Sigstore,
AdaptiveCpp,Distribution metadata,sbom,Scorecard (SBOM); SLSA,
AdaptiveCpp,Distribution metadata,provenance_attestation,SLSA; Sigstore,
Arraymancer,Identity & access infrastructure,multi_maintainer,"Scorecard (Code-Review/Contributors, partial)",
Arraymancer,Identity & access infrastructure,mfa_on_channel_admins,,
Arraymancer,Identity & access infrastructure,channel_admin_transfer,,
Arraymancer,Communication channels,official_channel_statement,,
Arraymancer,Communication channels,impersonation_reporting,,
Arraymancer,Knowledge infrastructure,disclosure_depth,,
Arraymancer,Distribution metadata,signed_releases,Scorecard (Signed-Releases); Sigstore,
Arraymancer,Distribution metadata,sbom,Scorecard (SBOM); SLSA,
Arraymancer,Distribution metadata,provenance_attestation,SLSA; Sigstore,
Cirq,Identity & access infrastructure,multi_maintainer,"Scorecard (Code-Review/Contributors, partial)",
Cirq,Identity & access infrastructure,mfa_on_channel_admins,,
Cirq,Identity & access infrastructure,channel_admin_transfer,,
Cirq,Communication channels,official_channel_statement,,
Cirq,Communication channels,impersonation_reporting,,
Cirq,Knowledge infrastructure,disclosure_depth,,
Cirq,Distribution metadata,signed_releases,Scorecard (Signed-Releases); Sigstore,
Cirq,Distribution metadata,sbom,Scorecard (SBOM); SLSA,
Cirq,Distribution metadata,provenance_attestation,SLSA; Sigstore,
Computer-Science-Resources,Identity & access infrastructure,multi_maintainer,"Scorecard (Code-Review/Contributors, partial)",
Computer-Science-Resources,Identity & access infrastructure,mfa_on_channel_admins,,
Computer-Science-Resources,Identity & access infrastructure,channel_admin_transfer,,
Computer-Science-Resources,Communication channels,official_channel_statement,,
Computer-Science-Resources,Communication channels,impersonation_reporting,,
Computer-Science-Resources,Knowledge infrastructure,disclosure_depth,,
Computer-Science-Resources,Distribution metadata,signed_releases,Scorecard (Signed-Releases); Sigstore,
Computer-Science-Resources,Distribution metadata,sbom,Scorecard (SBOM); SLSA,
Computer-Science-Resources,Distribution metadata,provenance_attestation,SLSA; Sigstore,
FluidX3D,Identity & access infrastructure,multi_maintainer,"Scorecard (Code-Review/Contributors, partial)",
FluidX3D,Identity & access infrastructure,mfa_on_channel_admins,,
FluidX3D,Identity & access infrastructure,channel_admin_transfer,,
FluidX3D,Communication channels,official_channel_statement,,
FluidX3D,Communication channels,impersonation_reporting,,
FluidX3D,Knowledge infrastructure,disclosure_depth,,
FluidX3D,Distribution metadata,signed_releases,Scorecard (Signed-Releases); Sigstore,
FluidX3D,Distribution metadata,sbom,Scorecard (SBOM); SLSA,
FluidX3D,Distribution metadata,provenance_attestation,SLSA; Sigstore,
GPUMD,Identity & access infrastructure,multi_maintainer,"Scorecard (Code-Review/Contributors, partial)",
GPUMD,Identity & access infrastructure,mfa_on_channel_admins,,
GPUMD,Identity & access infrastructure,channel_admin_transfer,,
GPUMD,Communication channels,official_channel_statement,,
GPUMD,Communication channels,impersonation_reporting,,
GPUMD,Knowledge infrastructure,disclosure_depth,,
GPUMD,Distribution metadata,signed_releases,Scorecard (Signed-Releases); Sigstore,
GPUMD,Distribution metadata,sbom,Scorecard (SBOM); SLSA,
GPUMD,Distribution metadata,provenance_attestation,SLSA; Sigstore,
Grassmann.jl,Identity & access infrastructure,multi_maintainer,"Scorecard (Code-Review/Contributors, partial)",
Grassmann.jl,Identity & access infrastructure,mfa_on_channel_admins,,
Grassmann.jl,Identity & access infrastructure,channel_admin_transfer,,
Grassmann.jl,Communication channels,official_channel_statement,,
Grassmann.jl,Communication channels,impersonation_reporting,,
Grassmann.jl,Knowledge infrastructure,disclosure_depth,,
Grassmann.jl,Distribution metadata,signed_releases,Scorecard (Signed-Releases); Sigstore,
Grassmann.jl,Distribution metadata,sbom,Scorecard (SBOM); SLSA,
Grassmann.jl,Distribution metadata,provenance_attestation,SLSA; Sigstore,
Hamsters.js,Identity & access infrastructure,multi_maintainer,"Scorecard (Code-Review/Contributors, partial)",
Hamsters.js,Identity & access infrastructure,mfa_on_channel_admins,,
Hamsters.js,Identity & access infrastructure,channel_admin_transfer,,
Hamsters.js,Communication channels,official_channel_statement,,
Hamsters.js,Communication channels,impersonation_reporting,,
Hamsters.js,Knowledge infrastructure,disclosure_depth,,
Hamsters.js,Distribution metadata,signed_releases,Scorecard (Signed-Releases); Sigstore,
Hamsters.js,Distribution metadata,sbom,Scorecard (SBOM); SLSA,
Hamsters.js,Distribution metadata,provenance_attestation,SLSA; Sigstore,
How_to_optimize_in_GPU,Identity & access infrastructure,multi_maintainer,"Scorecard (Code-Review/Contributors, partial)",
How_to_optimize_in_GPU,Identity & access infrastructure,mfa_on_channel_admins,,
How_to_optimize_in_GPU,Identity & access infrastructure,channel_admin_transfer,,
How_to_optimize_in_GPU,Communication channels,official_channel_statement,,
How_to_optimize_in_GPU,Communication channels,impersonation_reporting,,
How_to_optimize_in_GPU,Knowledge infrastructure,disclosure_depth,,
How_to_optimize_in_GPU,Distribution metadata,signed_releases,Scorecard (Signed-Releases); Sigstore,
How_to_optimize_in_GPU,Distribution metadata,sbom,Scorecard (SBOM); SLSA,
How_to_optimize_in_GPU,Distribution metadata,provenance_attestation,SLSA; Sigstore,
Kratos,Identity & access infrastructure,multi_maintainer,"Scorecard (Code-Review/Contributors, partial)",
Kratos,Identity & access infrastructure,mfa_on_channel_admins,,
Kratos,Identity & access infrastructure,channel_admin_transfer,,
Kratos,Communication channels,official_channel_statement,,
Kratos,Communication channels,impersonation_reporting,,
Kratos,Knowledge infrastructure,disclosure_depth,,
Kratos,Distribution metadata,signed_releases,Scorecard (Signed-Releases); Sigstore,
Kratos,Distribution metadata,sbom,Scorecard (SBOM); SLSA,
Kratos,Distribution metadata,provenance_attestation,SLSA; Sigstore,
NNPACK,Identity & access infrastructure,multi_maintainer,"Scorecard (Code-Review/Contributors, partial)",
NNPACK,Identity & access infrastructure,mfa_on_channel_admins,,
NNPACK,Identity & access infrastructure,channel_admin_transfer,,
NNPACK,Communication channels,official_channel_statement,,
NNPACK,Communication channels,impersonation_reporting,,
NNPACK,Knowledge infrastructure,disclosure_depth,,
NNPACK,Distribution metadata,signed_releases,Scorecard (Signed-Releases); Sigstore,
NNPACK,Distribution metadata,sbom,Scorecard (SBOM); SLSA,
NNPACK,Distribution metadata,provenance_attestation,SLSA; Sigstore,
OpenFermion,Identity & access infrastructure,multi_maintainer,"Scorecard (Code-Review/Contributors, partial)",
OpenFermion,Identity & access infrastructure,mfa_on_channel_admins,,
OpenFermion,Identity & access infrastructure,channel_admin_transfer,,
OpenFermion,Communication channels,official_channel_statement,,
OpenFermion,Communication channels,impersonation_reporting,,
OpenFermion,Knowledge infrastructure,disclosure_depth,,
OpenFermion,Distribution metadata,signed_releases,Scorecard (Signed-Releases); Sigstore,
OpenFermion,Distribution metadata,sbom,Scorecard (SBOM); SLSA,
OpenFermion,Distribution metadata,provenance_attestation,SLSA; Sigstore,
ProjectQ,Identity & access infrastructure,multi_maintainer,"Scorecard (Code-Review/Contributors, partial)",
ProjectQ,Identity & access infrastructure,mfa_on_channel_admins,,
ProjectQ,Identity & access infrastructure,channel_admin_transfer,,
ProjectQ,Communication channels,official_channel_statement,,
ProjectQ,Communication channels,impersonation_reporting,,
ProjectQ,Knowledge infrastructure,disclosure_depth,,
ProjectQ,Distribution metadata,signed_releases,Scorecard (Signed-Releases); Sigstore,
ProjectQ,Distribution metadata,sbom,Scorecard (SBOM); SLSA,
ProjectQ,Distribution metadata,provenance_attestation,SLSA; Sigstore,
QPanda-2,Identity & access infrastructure,multi_maintainer,"Scorecard (Code-Review/Contributors, partial)",
QPanda-2,Identity & access infrastructure,mfa_on_channel_admins,,
QPanda-2,Identity & access infrastructure,channel_admin_transfer,,
QPanda-2,Communication channels,official_channel_statement,,
QPanda-2,Communication channels,impersonation_reporting,,
QPanda-2,Knowledge infrastructure,disclosure_depth,,
QPanda-2,Distribution metadata,signed_releases,Scorecard (Signed-Releases); Sigstore,
QPanda-2,Distribution metadata,sbom,Scorecard (SBOM); SLSA,
QPanda-2,Distribution metadata,provenance_attestation,SLSA; Sigstore,
Qrisp,Identity & access infrastructure,multi_maintainer,"Scorecard (Code-Review/Contributors, partial)",
Qrisp,Identity & access infrastructure,mfa_on_channel_admins,,
Qrisp,Identity & access infrastructure,channel_admin_transfer,,
Qrisp,Communication channels,official_channel_statement,,
Qrisp,Communication channels,impersonation_reporting,,
Qrisp,Knowledge infrastructure,disclosure_depth,,
Qrisp,Distribution metadata,signed_releases,Scorecard (Signed-Releases); Sigstore,
Qrisp,Distribution metadata,sbom,Scorecard (SBOM); SLSA,
Qrisp,Distribution metadata,provenance_attestation,SLSA; Sigstore,
QuSimPy,Identity & access infrastructure,multi_maintainer,"Scorecard (Code-Review/Contributors, partial)",
QuSimPy,Identity & access infrastructure,mfa_on_channel_admins,,
QuSimPy,Identity & access infrastructure,channel_admin_transfer,,
QuSimPy,Communication channels,official_channel_statement,,
QuSimPy,Communication channels,impersonation_reporting,,
QuSimPy,Knowledge infrastructure,disclosure_depth,,
QuSimPy,Distribution metadata,signed_releases,Scorecard (Signed-Releases); Sigstore,
QuSimPy,Distribution metadata,sbom,Scorecard (SBOM); SLSA,
QuSimPy,Distribution metadata,provenance_attestation,SLSA; Sigstore,
Qualtran,Identity & access infrastructure,multi_maintainer,"Scorecard (Code-Review/Contributors, partial)",
Qualtran,Identity & access infrastructure,mfa_on_channel_admins,,
Qualtran,Identity & access infrastructure,channel_admin_transfer,,
Qualtran,Communication channels,official_channel_statement,,
Qualtran,Communication channels,impersonation_reporting,,
Qualtran,Knowledge infrastructure,disclosure_depth,,
Qualtran,Distribution metadata,signed_releases,Scorecard (Signed-Releases); Sigstore,
Qualtran,Distribution metadata,sbom,Scorecard (SBOM); SLSA,
Qualtran,Distribution metadata,provenance_attestation,SLSA; Sigstore,
Quandoom,Identity & access infrastructure,multi_maintainer,"Scorecard (Code-Review/Contributors, partial)",
Quandoom,Identity & access infrastructure,mfa_on_channel_admins,,
Quandoom,Identity & access infrastructure,channel_admin_transfer,,
Quandoom,Communication channels,official_channel_statement,,
Quandoom,Communication channels,impersonation_reporting,,
Quandoom,Knowledge infrastructure,disclosure_depth,,
Quandoom,Distribution metadata,signed_releases,Scorecard (Signed-Releases); Sigstore,
Quandoom,Distribution metadata,sbom,Scorecard (SBOM); SLSA,
Quandoom,Distribution metadata,provenance_attestation,SLSA; Sigstore,
QuantumComputing,Identity & access infrastructure,multi_maintainer,"Scorecard (Code-Review/Contributors, partial)",
QuantumComputing,Identity & access infrastructure,mfa_on_channel_admins,,
QuantumComputing,Identity & access infrastructure,channel_admin_transfer,,
QuantumComputing,Communication channels,official_channel_statement,,
QuantumComputing,Communication channels,impersonation_reporting,,
QuantumComputing,Knowledge infrastructure,disclosure_depth,,
QuantumComputing,Distribution metadata,signed_releases,Scorecard (Signed-Releases); Sigstore,
QuantumComputing,Distribution metadata,sbom,Scorecard (SBOM); SLSA,
QuantumComputing,Distribution metadata,provenance_attestation,SLSA; Sigstore,
QuantumToolbox.jl,Identity & access infrastructure,multi_maintainer,"Scorecard (Code-Review/Contributors, partial)",
QuantumToolbox.jl,Identity & access infrastructure,mfa_on_channel_admins,,
QuantumToolbox.jl,Identity & access infrastructure,channel_admin_transfer,,
QuantumToolbox.jl,Communication channels,official_channel_statement,,
QuantumToolbox.jl,Communication channels,impersonation_reporting,,
QuantumToolbox.jl,Knowledge infrastructure,disclosure_depth,,
QuantumToolbox.jl,Distribution metadata,signed_releases,Scorecard (Signed-Releases); Sigstore,
QuantumToolbox.jl,Distribution metadata,sbom,Scorecard (SBOM); SLSA,
QuantumToolbox.jl,Distribution metadata,provenance_attestation,SLSA; Sigstore,
Quirk,Identity & access infrastructure,multi_maintainer,"Scorecard (Code-Review/Contributors, partial)",
Quirk,Identity & access infrastructure,mfa_on_channel_admins,,
Quirk,Identity & access infrastructure,channel_admin_transfer,,
Quirk,Communication channels,official_channel_statement,,
Quirk,Communication channels,impersonation_reporting,,
Quirk,Knowledge infrastructure,disclosure_depth,,
Quirk,Distribution metadata,signed_releases,Scorecard (Signed-Releases); Sigstore,
Quirk,Distribution metadata,sbom,Scorecard (SBOM); SLSA,
Quirk,Distribution metadata,provenance_attestation,SLSA; Sigstore,
ReCirq,Identity & access infrastructure,multi_maintainer,"Scorecard (Code-Review/Contributors, partial)",
ReCirq,Identity & access infrastructure,mfa_on_channel_admins,,
ReCirq,Identity & access infrastructure,channel_admin_transfer,,
ReCirq,Communication channels,official_channel_statement,,
ReCirq,Communication channels,impersonation_reporting,,
ReCirq,Knowledge infrastructure,disclosure_depth,,
ReCirq,Distribution metadata,signed_releases,Scorecard (Signed-Releases); Sigstore,
ReCirq,Distribution metadata,sbom,Scorecard (SBOM); SLSA,
ReCirq,Distribution metadata,provenance_attestation,SLSA; Sigstore,
ScaffCC,Identity & access infrastructure,multi_maintainer,"Scorecard (Code-Review/Contributors, partial)",
ScaffCC,Identity & access infrastructure,mfa_on_channel_admins,,
ScaffCC,Identity & access infrastructure,channel_admin_transfer,,
ScaffCC,Communication channels,official_channel_statement,,
ScaffCC,Communication channels,impersonation_reporting,,
ScaffCC,Knowledge infrastructure,disclosure_depth,,
ScaffCC,Distribution metadata,signed_releases,Scorecard (Signed-Releases); Sigstore,
ScaffCC,Distribution metadata,sbom,Scorecard (SBOM); SLSA,
ScaffCC,Distribution metadata,provenance_attestation,SLSA; Sigstore,
Stim,Identity & access infrastructure,multi_maintainer,"Scorecard (Code-Review/Contributors, partial)",
Stim,Identity & access infrastructure,mfa_on_channel_admins,,
Stim,Identity & access infrastructure,channel_admin_transfer,,
Stim,Communication channels,official_channel_statement,,
Stim,Communication channels,impersonation_reporting,,
Stim,Knowledge infrastructure,disclosure_depth,,
Stim,Distribution metadata,signed_releases,Scorecard (Signed-Releases); Sigstore,
Stim,Distribution metadata,sbom,Scorecard (SBOM); SLSA,
Stim,Distribution metadata,provenance_attestation,SLSA; Sigstore,
Trilinos,Identity & access infrastructure,multi_maintainer,"Scorecard (Code-Review/Contributors, partial)",
Trilinos,Identity & access infrastructure,mfa_on_channel_admins,,
Trilinos,Identity & access infrastructure,channel_admin_transfer,,
Trilinos,Communication channels,official_channel_statement,,
Trilinos,Communication channels,impersonation_reporting,,
Trilinos,Knowledge infrastructure,disclosure_depth,,
Trilinos,Distribution metadata,signed_releases,Scorecard (Signed-Releases); Sigstore,
Trilinos,Distribution metadata,sbom,Scorecard (SBOM); SLSA,
Trilinos,Distribution metadata,provenance_attestation,SLSA; Sigstore,
Yao.jl,Identity & access infrastructure,multi_maintainer,"Scorecard (Code-Review/Contributors, partial)",
Yao.jl,Identity & access infrastructure,mfa_on_channel_admins,,
Yao.jl,Identity & access infrastructure,channel_admin_transfer,,
Yao.jl,Communication channels,official_channel_statement,,
Yao.jl,Communication channels,impersonation_reporting,,
Yao.jl,Knowledge infrastructure,disclosure_depth,,
Yao.jl,Distribution metadata,signed_releases,Scorecard (Signed-Releases); Sigstore,
Yao.jl,Distribution metadata,sbom,Scorecard (SBOM); SLSA,
Yao.jl,Distribution metadata,provenance_attestation,SLSA; Sigstore,
amazon-braket-examples,Identity & access infrastructure,multi_maintainer,"Scorecard (Code-Review/Contributors, partial)",
amazon-braket-examples,Identity & access infrastructure,mfa_on_channel_admins,,
amazon-braket-examples,Identity & access infrastructure,channel_admin_transfer,,
amazon-braket-examples,Communication channels,official_channel_statement,,
amazon-braket-examples,Communication channels,impersonation_reporting,,
amazon-braket-examples,Knowledge infrastructure,disclosure_depth,,
amazon-braket-examples,Distribution metadata,signed_releases,Scorecard (Signed-Releases); Sigstore,
amazon-braket-examples,Distribution metadata,sbom,Scorecard (SBOM); SLSA,
amazon-braket-examples,Distribution metadata,provenance_attestation,SLSA; Sigstore,
amazon-braket-sdk-python,Identity & access infrastructure,multi_maintainer,"Scorecard (Code-Review/Contributors, partial)",
amazon-braket-sdk-python,Identity & access infrastructure,mfa_on_channel_admins,,
amazon-braket-sdk-python,Identity & access infrastructure,channel_admin_transfer,,
amazon-braket-sdk-python,Communication channels,official_channel_statement,,
amazon-braket-sdk-python,Communication channels,impersonation_reporting,,
amazon-braket-sdk-python,Knowledge infrastructure,disclosure_depth,,
amazon-braket-sdk-python,Distribution metadata,signed_releases,Scorecard (Signed-Releases); Sigstore,
amazon-braket-sdk-python,Distribution metadata,sbom,Scorecard (SBOM); SLSA,
amazon-braket-sdk-python,Distribution metadata,provenance_attestation,SLSA; Sigstore,
amgcl,Identity & access infrastructure,multi_maintainer,"Scorecard (Code-Review/Contributors, partial)",
amgcl,Identity & access infrastructure,mfa_on_channel_admins,,
amgcl,Identity & access infrastructure,channel_admin_transfer,,
amgcl,Communication channels,official_channel_statement,,
amgcl,Communication channels,impersonation_reporting,,
amgcl,Knowledge infrastructure,disclosure_depth,,
amgcl,Distribution metadata,signed_releases,Scorecard (Signed-Releases); Sigstore,
amgcl,Distribution metadata,sbom,Scorecard (SBOM); SLSA,
amgcl,Distribution metadata,provenance_attestation,SLSA; Sigstore,
amrex,Identity & access infrastructure,multi_maintainer,"Scorecard (Code-Review/Contributors, partial)",
amrex,Identity & access infrastructure,mfa_on_channel_admins,,
amrex,Identity & access infrastructure,channel_admin_transfer,,
amrex,Communication channels,official_channel_statement,,
amrex,Communication channels,impersonation_reporting,,
amrex,Knowledge infrastructure,disclosure_depth,,
amrex,Distribution metadata,signed_releases,Scorecard (Signed-Releases); Sigstore,
amrex,Distribution metadata,sbom,Scorecard (SBOM); SLSA,
amrex,Distribution metadata,provenance_attestation,SLSA; Sigstore,
awesome-AI-books,Identity & access infrastructure,multi_maintainer,"Scorecard (Code-Review/Contributors, partial)",
awesome-AI-books,Identity & access infrastructure,mfa_on_channel_admins,,
awesome-AI-books,Identity & access infrastructure,channel_admin_transfer,,
awesome-AI-books,Communication channels,official_channel_statement,,
awesome-AI-books,Communication channels,impersonation_reporting,,
awesome-AI-books,Knowledge infrastructure,disclosure_depth,,
awesome-AI-books,Distribution metadata,signed_releases,Scorecard (Signed-Releases); Sigstore,
awesome-AI-books,Distribution metadata,sbom,Scorecard (SBOM); SLSA,
awesome-AI-books,Distribution metadata,provenance_attestation,SLSA; Sigstore,
awesome-quantum-computing,Identity & access infrastructure,multi_maintainer,"Scorecard (Code-Review/Contributors, partial)",
awesome-quantum-computing,Identity & access infrastructure,mfa_on_channel_admins,,
awesome-quantum-computing,Identity & access infrastructure,channel_admin_transfer,,
awesome-quantum-computing,Communication channels,official_channel_statement,,
awesome-quantum-computing,Communication channels,impersonation_reporting,,
awesome-quantum-computing,Knowledge infrastructure,disclosure_depth,,
awesome-quantum-computing,Distribution metadata,signed_releases,Scorecard (Signed-Releases); Sigstore,
awesome-quantum-computing,Distribution metadata,sbom,Scorecard (SBOM); SLSA,
awesome-quantum-computing,Distribution metadata,provenance_attestation,SLSA; Sigstore,
awesome-quantum-machine-learning,Identity & access infrastructure,multi_maintainer,"Scorecard (Code-Review/Contributors, partial)",
awesome-quantum-machine-learning,Identity & access infrastructure,mfa_on_channel_admins,,
awesome-quantum-machine-learning,Identity & access infrastructure,channel_admin_transfer,,
awesome-quantum-machine-learning,Communication channels,official_channel_statement,,
awesome-quantum-machine-learning,Communication channels,impersonation_reporting,,
awesome-quantum-machine-learning,Knowledge infrastructure,disclosure_depth,,
awesome-quantum-machine-learning,Distribution metadata,signed_releases,Scorecard (Signed-Releases); Sigstore,
awesome-quantum-machine-learning,Distribution metadata,sbom,Scorecard (SBOM); SLSA,
awesome-quantum-machine-learning,Distribution metadata,provenance_attestation,SLSA; Sigstore,
awesome-quantum-ml,Identity & access infrastructure,multi_maintainer,"Scorecard (Code-Review/Contributors, partial)",
awesome-quantum-ml,Identity & access infrastructure,mfa_on_channel_admins,,
awesome-quantum-ml,Identity & access infrastructure,channel_admin_transfer,,
awesome-quantum-ml,Communication channels,official_channel_statement,,
awesome-quantum-ml,Communication channels,impersonation_reporting,,
awesome-quantum-ml,Knowledge infrastructure,disclosure_depth,,
awesome-quantum-ml,Distribution metadata,signed_releases,Scorecard (Signed-Releases); Sigstore,
awesome-quantum-ml,Distribution metadata,sbom,Scorecard (SBOM); SLSA,
awesome-quantum-ml,Distribution metadata,provenance_attestation,SLSA; Sigstore,
awesome-quantum-software,Identity & access infrastructure,multi_maintainer,"Scorecard (Code-Review/Contributors, partial)",
awesome-quantum-software,Identity & access infrastructure,mfa_on_channel_admins,,
awesome-quantum-software,Identity & access infrastructure,channel_admin_transfer,,
awesome-quantum-software,Communication channels,official_channel_statement,,
awesome-quantum-software,Communication channels,impersonation_reporting,,
awesome-quantum-software,Knowledge infrastructure,disclosure_depth,,
awesome-quantum-software,Distribution metadata,signed_releases,Scorecard (Signed-Releases); Sigstore,
awesome-quantum-software,Distribution metadata,sbom,Scorecard (SBOM); SLSA,
awesome-quantum-software,Distribution metadata,provenance_attestation,SLSA; Sigstore,
awesome-tensor-compilers,Identity & access infrastructure,multi_maintainer,"Scorecard (Code-Review/Contributors, partial)",
awesome-tensor-compilers,Identity & access infrastructure,mfa_on_channel_admins,,
awesome-tensor-compilers,Identity & access infrastructure,channel_admin_transfer,,
awesome-tensor-compilers,Communication channels,official_channel_statement,,
awesome-tensor-compilers,Communication channels,impersonation_reporting,,
awesome-tensor-compilers,Knowledge infrastructure,disclosure_depth,,
awesome-tensor-compilers,Distribution metadata,signed_releases,Scorecard (Signed-Releases); Sigstore,
awesome-tensor-compilers,Distribution metadata,sbom,Scorecard (SBOM); SLSA,
awesome-tensor-compilers,Distribution metadata,provenance_attestation,SLSA; Sigstore,
blis,Identity & access infrastructure,multi_maintainer,"Scorecard (Code-Review/Contributors, partial)",
blis,Identity & access infrastructure,mfa_on_channel_admins,,
blis,Identity & access infrastructure,channel_admin_transfer,,
blis,Communication channels,official_channel_statement,,
blis,Communication channels,impersonation_reporting,,
blis,Knowledge infrastructure,disclosure_depth,,
blis,Distribution metadata,signed_releases,Scorecard (Signed-Releases); Sigstore,
blis,Distribution metadata,sbom,Scorecard (SBOM); SLSA,
blis,Distribution metadata,provenance_attestation,SLSA; Sigstore,
blueqatSDK,Identity & access infrastructure,multi_maintainer,"Scorecard (Code-Review/Contributors, partial)",
blueqatSDK,Identity & access infrastructure,mfa_on_channel_admins,,
blueqatSDK,Identity & access infrastructure,channel_admin_transfer,,
blueqatSDK,Communication channels,official_channel_statement,,
blueqatSDK,Communication channels,impersonation_reporting,,
blueqatSDK,Knowledge infrastructure,disclosure_depth,,
blueqatSDK,Distribution metadata,signed_releases,Scorecard (Signed-Releases); Sigstore,
blueqatSDK,Distribution metadata,sbom,Scorecard (SBOM); SLSA,
blueqatSDK,Distribution metadata,provenance_attestation,SLSA; Sigstore,
boinc,Identity & access infrastructure,multi_maintainer,"Scorecard (Code-Review/Contributors, partial)",
boinc,Identity & access infrastructure,mfa_on_channel_admins,,
boinc,Identity & access infrastructure,channel_admin_transfer,,
boinc,Communication channels,official_channel_statement,,
boinc,Communication channels,impersonation_reporting,,
boinc,Knowledge infrastructure,disclosure_depth,,
boinc,Distribution metadata,signed_releases,Scorecard (Signed-Releases); Sigstore,
boinc,Distribution metadata,sbom,Scorecard (SBOM); SLSA,
boinc,Distribution metadata,provenance_attestation,SLSA; Sigstore,
catalyst,Identity & access infrastructure,multi_maintainer,"Scorecard (Code-Review/Contributors, partial)",
catalyst,Identity & access infrastructure,mfa_on_channel_admins,,
catalyst,Identity & access infrastructure,channel_admin_transfer,,
catalyst,Communication channels,official_channel_statement,,
catalyst,Communication channels,impersonation_reporting,,
catalyst,Knowledge infrastructure,disclosure_depth,,
catalyst,Distribution metadata,signed_releases,Scorecard (Signed-Releases); Sigstore,
catalyst,Distribution metadata,sbom,Scorecard (SBOM); SLSA,
catalyst,Distribution metadata,provenance_attestation,SLSA; Sigstore,
chapel,Identity & access infrastructure,multi_maintainer,"Scorecard (Code-Review/Contributors, partial)",
chapel,Identity & access infrastructure,mfa_on_channel_admins,,
chapel,Identity & access infrastructure,channel_admin_transfer,,
chapel,Communication channels,official_channel_statement,,
chapel,Communication channels,impersonation_reporting,,
chapel,Knowledge infrastructure,disclosure_depth,,
chapel,Distribution metadata,signed_releases,Scorecard (Signed-Releases); Sigstore,
chapel,Distribution metadata,sbom,Scorecard (SBOM); SLSA,
chapel,Distribution metadata,provenance_attestation,SLSA; Sigstore,
course,Identity & access infrastructure,multi_maintainer,"Scorecard (Code-Review/Contributors, partial)",
course,Identity & access infrastructure,mfa_on_channel_admins,,
course,Identity & access infrastructure,channel_admin_transfer,,
course,Communication channels,official_channel_statement,,
course,Communication channels,impersonation_reporting,,
course,Knowledge infrastructure,disclosure_depth,,
course,Distribution metadata,signed_releases,Scorecard (Signed-Releases); Sigstore,
course,Distribution metadata,sbom,Scorecard (SBOM); SLSA,
course,Distribution metadata,provenance_attestation,SLSA; Sigstore,
covalent,Identity & access infrastructure,multi_maintainer,"Scorecard (Code-Review/Contributors, partial)",
covalent,Identity & access infrastructure,mfa_on_channel_admins,,
covalent,Identity & access infrastructure,channel_admin_transfer,,
covalent,Communication channels,official_channel_statement,,
covalent,Communication channels,impersonation_reporting,,
covalent,Knowledge infrastructure,disclosure_depth,,
covalent,Distribution metadata,signed_releases,Scorecard (Signed-Releases); Sigstore,
covalent,Distribution metadata,sbom,Scorecard (SBOM); SLSA,
covalent,Distribution metadata,provenance_attestation,SLSA; Sigstore,
cs-video-courses,Identity & access infrastructure,multi_maintainer,"Scorecard (Code-Review/Contributors, partial)",
cs-video-courses,Identity & access infrastructure,mfa_on_channel_admins,,
cs-video-courses,Identity & access infrastructure,channel_admin_transfer,,
cs-video-courses,Communication channels,official_channel_statement,,
cs-video-courses,Communication channels,impersonation_reporting,,
cs-video-courses,Knowledge infrastructure,disclosure_depth,,
cs-video-courses,Distribution metadata,signed_releases,Scorecard (Signed-Releases); Sigstore,
cs-video-courses,Distribution metadata,sbom,Scorecard (SBOM); SLSA,
cs-video-courses,Distribution metadata,provenance_attestation,SLSA; Sigstore,
cuda-oxide,Identity & access infrastructure,multi_maintainer,"Scorecard (Code-Review/Contributors, partial)",
cuda-oxide,Identity & access infrastructure,mfa_on_channel_admins,,
cuda-oxide,Identity & access infrastructure,channel_admin_transfer,,
cuda-oxide,Communication channels,official_channel_statement,,
cuda-oxide,Communication channels,impersonation_reporting,,
cuda-oxide,Knowledge infrastructure,disclosure_depth,,
cuda-oxide,Distribution metadata,signed_releases,Scorecard (Signed-Releases); Sigstore,
cuda-oxide,Distribution metadata,sbom,Scorecard (SBOM); SLSA,
cuda-oxide,Distribution metadata,provenance_attestation,SLSA; Sigstore,
cuda-quantum,Identity & access infrastructure,multi_maintainer,"Scorecard (Code-Review/Contributors, partial)",
cuda-quantum,Identity & access infrastructure,mfa_on_channel_admins,,
cuda-quantum,Identity & access infrastructure,channel_admin_transfer,,
cuda-quantum,Communication channels,official_channel_statement,,
cuda-quantum,Communication channels,impersonation_reporting,,
cuda-quantum,Knowledge infrastructure,disclosure_depth,,
cuda-quantum,Distribution metadata,signed_releases,Scorecard (Signed-Releases); Sigstore,
cuda-quantum,Distribution metadata,sbom,Scorecard (SBOM); SLSA,
cuda-quantum,Distribution metadata,provenance_attestation,SLSA; Sigstore,
dace,Identity & access infrastructure,multi_maintainer,"Scorecard (Code-Review/Contributors, partial)",
dace,Identity & access infrastructure,mfa_on_channel_admins,,
dace,Identity & access infrastructure,channel_admin_transfer,,
dace,Communication channels,official_channel_statement,,
dace,Communication channels,impersonation_reporting,,
dace,Knowledge infrastructure,disclosure_depth,,
dace,Distribution metadata,signed_releases,Scorecard (Signed-Releases); Sigstore,
dace,Distribution metadata,sbom,Scorecard (SBOM); SLSA,
dace,Distribution metadata,provenance_attestation,SLSA; Sigstore,
dealii,Identity & access infrastructure,multi_maintainer,"Scorecard (Code-Review/Contributors, partial)",
dealii,Identity & access infrastructure,mfa_on_channel_admins,,
dealii,Identity & access infrastructure,channel_admin_transfer,,
dealii,Communication channels,official_channel_statement,,
dealii,Communication channels,impersonation_reporting,,
dealii,Knowledge infrastructure,disclosure_depth,,
dealii,Distribution metadata,signed_releases,Scorecard (Signed-Releases); Sigstore,
dealii,Distribution metadata,sbom,Scorecard (SBOM); SLSA,
dealii,Distribution metadata,provenance_attestation,SLSA; Sigstore,
demos,Identity & access infrastructure,multi_maintainer,"Scorecard (Code-Review/Contributors, partial)",
demos,Identity & access infrastructure,mfa_on_channel_admins,,
demos,Identity & access infrastructure,channel_admin_transfer,,
demos,Communication channels,official_channel_statement,,
demos,Communication channels,impersonation_reporting,,
demos,Knowledge infrastructure,disclosure_depth,,
demos,Distribution metadata,signed_releases,Scorecard (Signed-Releases); Sigstore,
demos,Distribution metadata,sbom,Scorecard (SBOM); SLSA,
demos,Distribution metadata,provenance_attestation,SLSA; Sigstore,
distributed-training-guide,Identity & access infrastructure,multi_maintainer,"Scorecard (Code-Review/Contributors, partial)",
distributed-training-guide,Identity & access infrastructure,mfa_on_channel_admins,,
distributed-training-guide,Identity & access infrastructure,channel_admin_transfer,,
distributed-training-guide,Communication channels,official_channel_statement,,
distributed-training-guide,Communication channels,impersonation_reporting,,
distributed-training-guide,Knowledge infrastructure,disclosure_depth,,
distributed-training-guide,Distribution metadata,signed_releases,Scorecard (Signed-Releases); Sigstore,
distributed-training-guide,Distribution metadata,sbom,Scorecard (SBOM); SLSA,
distributed-training-guide,Distribution metadata,provenance_attestation,SLSA; Sigstore,
drake,Identity & access infrastructure,multi_maintainer,"Scorecard (Code-Review/Contributors, partial)",
drake,Identity & access infrastructure,mfa_on_channel_admins,,
drake,Identity & access infrastructure,channel_admin_transfer,,
drake,Communication channels,official_channel_statement,,
drake,Communication channels,impersonation_reporting,,
drake,Knowledge infrastructure,disclosure_depth,,
drake,Distribution metadata,signed_releases,Scorecard (Signed-Releases); Sigstore,
drake,Distribution metadata,sbom,Scorecard (SBOM); SLSA,
drake,Distribution metadata,provenance_attestation,SLSA; Sigstore,
dwave-ocean-sdk,Identity & access infrastructure,multi_maintainer,"Scorecard (Code-Review/Contributors, partial)",
dwave-ocean-sdk,Identity & access infrastructure,mfa_on_channel_admins,,
dwave-ocean-sdk,Identity & access infrastructure,channel_admin_transfer,,
dwave-ocean-sdk,Communication channels,official_channel_statement,,
dwave-ocean-sdk,Communication channels,impersonation_reporting,,
dwave-ocean-sdk,Knowledge infrastructure,disclosure_depth,,
dwave-ocean-sdk,Distribution metadata,signed_releases,Scorecard (Signed-Releases); Sigstore,
dwave-ocean-sdk,Distribution metadata,sbom,Scorecard (SBOM); SLSA,
dwave-ocean-sdk,Distribution metadata,provenance_attestation,SLSA; Sigstore,
elmerfem,Identity & access infrastructure,multi_maintainer,"Scorecard (Code-Review/Contributors, partial)",
elmerfem,Identity & access infrastructure,mfa_on_channel_admins,,
elmerfem,Identity & access infrastructure,channel_admin_transfer,,
elmerfem,Communication channels,official_channel_statement,,
elmerfem,Communication channels,impersonation_reporting,,
elmerfem,Knowledge infrastructure,disclosure_depth,,
elmerfem,Distribution metadata,signed_releases,Scorecard (Signed-Releases); Sigstore,
elmerfem,Distribution metadata,sbom,Scorecard (SBOM); SLSA,
elmerfem,Distribution metadata,provenance_attestation,SLSA; Sigstore,
envpool,Identity & access infrastructure,multi_maintainer,"Scorecard (Code-Review/Contributors, partial)",
envpool,Identity & access infrastructure,mfa_on_channel_admins,,
envpool,Identity & access infrastructure,channel_admin_transfer,,
envpool,Communication channels,official_channel_statement,,
envpool,Communication channels,impersonation_reporting,,
envpool,Knowledge infrastructure,disclosure_depth,,
envpool,Distribution metadata,signed_releases,Scorecard (Signed-Releases); Sigstore,
envpool,Distribution metadata,sbom,Scorecard (SBOM); SLSA,
envpool,Distribution metadata,provenance_attestation,SLSA; Sigstore,
faasm,Identity & access infrastructure,multi_maintainer,"Scorecard (Code-Review/Contributors, partial)",
faasm,Identity & access infrastructure,mfa_on_channel_admins,,
faasm,Identity & access infrastructure,channel_admin_transfer,,
faasm,Communication channels,official_channel_statement,,
faasm,Communication channels,impersonation_reporting,,
faasm,Knowledge infrastructure,disclosure_depth,,
faasm,Distribution metadata,signed_releases,Scorecard (Signed-Releases); Sigstore,
faasm,Distribution metadata,sbom,Scorecard (SBOM); SLSA,
faasm,Distribution metadata,provenance_attestation,SLSA; Sigstore,
geant4,Identity & access infrastructure,multi_maintainer,"Scorecard (Code-Review/Contributors, partial)",
geant4,Identity & access infrastructure,mfa_on_channel_admins,,
geant4,Identity & access infrastructure,channel_admin_transfer,,
geant4,Communication channels,official_channel_statement,,
geant4,Communication channels,impersonation_reporting,,
geant4,Knowledge infrastructure,disclosure_depth,,
geant4,Distribution metadata,signed_releases,Scorecard (Signed-Releases); Sigstore,
geant4,Distribution metadata,sbom,Scorecard (SBOM); SLSA,
geant4,Distribution metadata,provenance_attestation,SLSA; Sigstore,
grove,Identity & access infrastructure,multi_maintainer,"Scorecard (Code-Review/Contributors, partial)",
grove,Identity & access infrastructure,mfa_on_channel_admins,,
grove,Identity & access infrastructure,channel_admin_transfer,,
grove,Communication channels,official_channel_statement,,
grove,Communication channels,impersonation_reporting,,
grove,Knowledge infrastructure,disclosure_depth,,
grove,Distribution metadata,signed_releases,Scorecard (Signed-Releases); Sigstore,
grove,Distribution metadata,sbom,Scorecard (SBOM); SLSA,
grove,Distribution metadata,provenance_attestation,SLSA; Sigstore,
hdf5,Identity & access infrastructure,multi_maintainer,"Scorecard (Code-Review/Contributors, partial)",
hdf5,Identity & access infrastructure,mfa_on_channel_admins,,
hdf5,Identity & access infrastructure,channel_admin_transfer,,
hdf5,Communication channels,official_channel_statement,,
hdf5,Communication channels,impersonation_reporting,,
hdf5,Knowledge infrastructure,disclosure_depth,,
hdf5,Distribution metadata,signed_releases,Scorecard (Signed-Releases); Sigstore,
hdf5,Distribution metadata,sbom,Scorecard (SBOM); SLSA,
hdf5,Distribution metadata,provenance_attestation,SLSA; Sigstore,
hermit-rs,Identity & access infrastructure,multi_maintainer,"Scorecard (Code-Review/Contributors, partial)",
hermit-rs,Identity & access infrastructure,mfa_on_channel_admins,,
hermit-rs,Identity & access infrastructure,channel_admin_transfer,,
hermit-rs,Communication channels,official_channel_statement,,
hermit-rs,Communication channels,impersonation_reporting,,
hermit-rs,Knowledge infrastructure,disclosure_depth,,
hermit-rs,Distribution metadata,signed_releases,Scorecard (Signed-Releases); Sigstore,
hermit-rs,Distribution metadata,sbom,Scorecard (SBOM); SLSA,
hermit-rs,Distribution metadata,provenance_attestation,SLSA; Sigstore,
horovod,Identity & access infrastructure,multi_maintainer,"Scorecard (Code-Review/Contributors, partial)",
horovod,Identity & access infrastructure,mfa_on_channel_admins,,
horovod,Identity & access infrastructure,channel_admin_transfer,,
horovod,Communication channels,official_channel_statement,,
horovod,Communication channels,impersonation_reporting,,
horovod,Knowledge infrastructure,disclosure_depth,,
horovod,Distribution metadata,signed_releases,Scorecard (Signed-Releases); Sigstore,
horovod,Distribution metadata,sbom,Scorecard (SBOM); SLSA,
horovod,Distribution metadata,provenance_attestation,SLSA; Sigstore,
hypre,Identity & access infrastructure,multi_maintainer,"Scorecard (Code-Review/Contributors, partial)",
hypre,Identity & access infrastructure,mfa_on_channel_admins,,
hypre,Identity & access infrastructure,channel_admin_transfer,,
hypre,Communication channels,official_channel_statement,,
hypre,Communication channels,impersonation_reporting,,
hypre,Knowledge infrastructure,disclosure_depth,,
hypre,Distribution metadata,signed_releases,Scorecard (Signed-Releases); Sigstore,
hypre,Distribution metadata,sbom,Scorecard (SBOM); SLSA,
hypre,Distribution metadata,provenance_attestation,SLSA; Sigstore,
iot-master,Identity & access infrastructure,multi_maintainer,"Scorecard (Code-Review/Contributors, partial)",
iot-master,Identity & access infrastructure,mfa_on_channel_admins,,
iot-master,Identity & access infrastructure,channel_admin_transfer,,
iot-master,Communication channels,official_channel_statement,,
iot-master,Communication channels,impersonation_reporting,,
iot-master,Knowledge infrastructure,disclosure_depth,,
iot-master,Distribution metadata,signed_releases,Scorecard (Signed-Releases); Sigstore,
iot-master,Distribution metadata,sbom,Scorecard (SBOM); SLSA,
iot-master,Distribution metadata,provenance_attestation,SLSA; Sigstore,
john,Identity & access infrastructure,multi_maintainer,"Scorecard (Code-Review/Contributors, partial)",
john,Identity & access infrastructure,mfa_on_channel_admins,,
john,Identity & access infrastructure,channel_admin_transfer,,
john,Communication channels,official_channel_statement,,
john,Communication channels,impersonation_reporting,,
john,Knowledge infrastructure,disclosure_depth,,
john,Distribution metadata,signed_releases,Scorecard (Signed-Releases); Sigstore,
john,Distribution metadata,sbom,Scorecard (SBOM); SLSA,
john,Distribution metadata,provenance_attestation,SLSA; Sigstore,
kernel,Identity & access infrastructure,multi_maintainer,"Scorecard (Code-Review/Contributors, partial)",
kernel,Identity & access infrastructure,mfa_on_channel_admins,,
kernel,Identity & access infrastructure,channel_admin_transfer,,
kernel,Communication channels,official_channel_statement,,
kernel,Communication channels,impersonation_reporting,,
kernel,Knowledge infrastructure,disclosure_depth,,
kernel,Distribution metadata,signed_releases,Scorecard (Signed-Releases); Sigstore,
kernel,Distribution metadata,sbom,Scorecard (SBOM); SLSA,
kernel,Distribution metadata,provenance_attestation,SLSA; Sigstore,
kokkos,Identity & access infrastructure,multi_maintainer,"Scorecard (Code-Review/Contributors, partial)",
kokkos,Identity & access infrastructure,mfa_on_channel_admins,,
kokkos,Identity & access infrastructure,channel_admin_transfer,,
kokkos,Communication channels,official_channel_statement,,
kokkos,Communication channels,impersonation_reporting,,
kokkos,Knowledge infrastructure,disclosure_depth,,
kokkos,Distribution metadata,signed_releases,Scorecard (Signed-Releases); Sigstore,
kokkos,Distribution metadata,sbom,Scorecard (SBOM); SLSA,
kokkos,Distribution metadata,provenance_attestation,SLSA; Sigstore,
learning-cloud,Identity & access infrastructure,multi_maintainer,"Scorecard (Code-Review/Contributors, partial)",
learning-cloud,Identity & access infrastructure,mfa_on_channel_admins,,
learning-cloud,Identity & access infrastructure,channel_admin_transfer,,
learning-cloud,Communication channels,official_channel_statement,,
learning-cloud,Communication channels,impersonation_reporting,,
learning-cloud,Knowledge infrastructure,disclosure_depth,,
learning-cloud,Distribution metadata,signed_releases,Scorecard (Signed-Releases); Sigstore,
learning-cloud,Distribution metadata,sbom,Scorecard (SBOM); SLSA,
learning-cloud,Distribution metadata,provenance_attestation,SLSA; Sigstore,
libtommath,Identity & access infrastructure,multi_maintainer,"Scorecard (Code-Review/Contributors, partial)",
libtommath,Identity & access infrastructure,mfa_on_channel_admins,,
libtommath,Identity & access infrastructure,channel_admin_transfer,,
libtommath,Communication channels,official_channel_statement,,
libtommath,Communication channels,impersonation_reporting,,
libtommath,Knowledge infrastructure,disclosure_depth,,
libtommath,Distribution metadata,signed_releases,Scorecard (Signed-Releases); Sigstore,
libtommath,Distribution metadata,sbom,Scorecard (SBOM); SLSA,
libtommath,Distribution metadata,provenance_attestation,SLSA; Sigstore,
magnetron,Identity & access infrastructure,multi_maintainer,"Scorecard (Code-Review/Contributors, partial)",
magnetron,Identity & access infrastructure,mfa_on_channel_admins,,
magnetron,Identity & access infrastructure,channel_admin_transfer,,
magnetron,Communication channels,official_channel_statement,,
magnetron,Communication channels,impersonation_reporting,,
magnetron,Knowledge infrastructure,disclosure_depth,,
magnetron,Distribution metadata,signed_releases,Scorecard (Signed-Releases); Sigstore,
magnetron,Distribution metadata,sbom,Scorecard (SBOM); SLSA,
magnetron,Distribution metadata,provenance_attestation,SLSA; Sigstore,
metaflow,Identity & access infrastructure,multi_maintainer,"Scorecard (Code-Review/Contributors, partial)",
metaflow,Identity & access infrastructure,mfa_on_channel_admins,,
metaflow,Identity & access infrastructure,channel_admin_transfer,,
metaflow,Communication channels,official_channel_statement,,
metaflow,Communication channels,impersonation_reporting,,
metaflow,Knowledge infrastructure,disclosure_depth,,
metaflow,Distribution metadata,signed_releases,Scorecard (Signed-Releases); Sigstore,
metaflow,Distribution metadata,sbom,Scorecard (SBOM); SLSA,
metaflow,Distribution metadata,provenance_attestation,SLSA; Sigstore,
metal-flash-attention,Identity & access infrastructure,multi_maintainer,"Scorecard (Code-Review/Contributors, partial)",
metal-flash-attention,Identity & access infrastructure,mfa_on_channel_admins,,
metal-flash-attention,Identity & access infrastructure,channel_admin_transfer,,
metal-flash-attention,Communication channels,official_channel_statement,,
metal-flash-attention,Communication channels,impersonation_reporting,,
metal-flash-attention,Knowledge infrastructure,disclosure_depth,,
metal-flash-attention,Distribution metadata,signed_releases,Scorecard (Signed-Releases); Sigstore,
metal-flash-attention,Distribution metadata,sbom,Scorecard (SBOM); SLSA,
metal-flash-attention,Distribution metadata,provenance_attestation,SLSA; Sigstore,
mfem,Identity & access infrastructure,multi_maintainer,"Scorecard (Code-Review/Contributors, partial)",
mfem,Identity & access infrastructure,mfa_on_channel_admins,,
mfem,Identity & access infrastructure,channel_admin_transfer,,
mfem,Communication channels,official_channel_statement,,
mfem,Communication channels,impersonation_reporting,,
mfem,Knowledge infrastructure,disclosure_depth,,
mfem,Distribution metadata,signed_releases,Scorecard (Signed-Releases); Sigstore,
mfem,Distribution metadata,sbom,Scorecard (SBOM); SLSA,
mfem,Distribution metadata,provenance_attestation,SLSA; Sigstore,
mpi4py,Identity & access infrastructure,multi_maintainer,"Scorecard (Code-Review/Contributors, partial)",
mpi4py,Identity & access infrastructure,mfa_on_channel_admins,,
mpi4py,Identity & access infrastructure,channel_admin_transfer,,
mpi4py,Communication channels,official_channel_statement,,
mpi4py,Communication channels,impersonation_reporting,,
mpi4py,Knowledge infrastructure,disclosure_depth,,
mpi4py,Distribution metadata,signed_releases,Scorecard (Signed-Releases); Sigstore,
mpi4py,Distribution metadata,sbom,Scorecard (SBOM); SLSA,
mpi4py,Distribution metadata,provenance_attestation,SLSA; Sigstore,
mpich,Identity & access infrastructure,multi_maintainer,"Scorecard (Code-Review/Contributors, partial)",
mpich,Identity & access infrastructure,mfa_on_channel_admins,,
mpich,Identity & access infrastructure,channel_admin_transfer,,
mpich,Communication channels,official_channel_statement,,
mpich,Communication channels,impersonation_reporting,,
mpich,Knowledge infrastructure,disclosure_depth,,
mpich,Distribution metadata,signed_releases,Scorecard (Signed-Releases); Sigstore,
mpich,Distribution metadata,sbom,Scorecard (SBOM); SLSA,
mpich,Distribution metadata,provenance_attestation,SLSA; Sigstore,
neanderthal,Identity & access infrastructure,multi_maintainer,"Scorecard (Code-Review/Contributors, partial)",
neanderthal,Identity & access infrastructure,mfa_on_channel_admins,,
neanderthal,Identity & access infrastructure,channel_admin_transfer,,
neanderthal,Communication channels,official_channel_statement,,
neanderthal,Communication channels,impersonation_reporting,,
neanderthal,Knowledge infrastructure,disclosure_depth,,
neanderthal,Distribution metadata,signed_releases,Scorecard (Signed-Releases); Sigstore,
neanderthal,Distribution metadata,sbom,Scorecard (SBOM); SLSA,
neanderthal,Distribution metadata,provenance_attestation,SLSA; Sigstore,
observer-patch-holography,Identity & access infrastructure,multi_maintainer,"Scorecard (Code-Review/Contributors, partial)",
observer-patch-holography,Identity & access infrastructure,mfa_on_channel_admins,,
observer-patch-holography,Identity & access infrastructure,channel_admin_transfer,,
observer-patch-holography,Communication channels,official_channel_statement,,
observer-patch-holography,Communication channels,impersonation_reporting,,
observer-patch-holography,Knowledge infrastructure,disclosure_depth,,
observer-patch-holography,Distribution metadata,signed_releases,Scorecard (Signed-Releases); Sigstore,
observer-patch-holography,Distribution metadata,sbom,Scorecard (SBOM); SLSA,
observer-patch-holography,Distribution metadata,provenance_attestation,SLSA; Sigstore,
ohpc,Identity & access infrastructure,multi_maintainer,"Scorecard (Code-Review/Contributors, partial)",
ohpc,Identity & access infrastructure,mfa_on_channel_admins,,
ohpc,Identity & access infrastructure,channel_admin_transfer,,
ohpc,Communication channels,official_channel_statement,,
ohpc,Communication channels,impersonation_reporting,,
ohpc,Knowledge infrastructure,disclosure_depth,,
ohpc,Distribution metadata,signed_releases,Scorecard (Signed-Releases); Sigstore,
ohpc,Distribution metadata,sbom,Scorecard (SBOM); SLSA,
ohpc,Distribution metadata,provenance_attestation,SLSA; Sigstore,
ompi,Identity & access infrastructure,multi_maintainer,"Scorecard (Code-Review/Contributors, partial)",
ompi,Identity & access infrastructure,mfa_on_channel_admins,,
ompi,Identity & access infrastructure,channel_admin_transfer,,
ompi,Communication channels,official_channel_statement,,
ompi,Communication channels,impersonation_reporting,,
ompi,Knowledge infrastructure,disclosure_depth,,
ompi,Distribution metadata,signed_releases,Scorecard (Signed-Releases); Sigstore,
ompi,Distribution metadata,sbom,Scorecard (SBOM); SLSA,
ompi,Distribution metadata,provenance_attestation,SLSA; Sigstore,
openmc,Identity & access infrastructure,multi_maintainer,"Scorecard (Code-Review/Contributors, partial)",
openmc,Identity & access infrastructure,mfa_on_channel_admins,,
openmc,Identity & access infrastructure,channel_admin_transfer,,
openmc,Communication channels,official_channel_statement,,
openmc,Communication channels,impersonation_reporting,,
openmc,Knowledge infrastructure,disclosure_depth,,
openmc,Distribution metadata,signed_releases,Scorecard (Signed-Releases); Sigstore,
openmc,Distribution metadata,sbom,Scorecard (SBOM); SLSA,
openmc,Distribution metadata,provenance_attestation,SLSA; Sigstore,
openqasm,Identity & access infrastructure,multi_maintainer,"Scorecard (Code-Review/Contributors, partial)",
openqasm,Identity & access infrastructure,mfa_on_channel_admins,,
openqasm,Identity & access infrastructure,channel_admin_transfer,,
openqasm,Communication channels,official_channel_statement,,
openqasm,Communication channels,impersonation_reporting,,
openqasm,Knowledge infrastructure,disclosure_depth,,
openqasm,Distribution metadata,signed_releases,Scorecard (Signed-Releases); Sigstore,
openqasm,Distribution metadata,sbom,Scorecard (SBOM); SLSA,
openqasm,Distribution metadata,provenance_attestation,SLSA; Sigstore,
pennylane-qiskit,Identity & access infrastructure,multi_maintainer,"Scorecard (Code-Review/Contributors, partial)",
pennylane-qiskit,Identity & access infrastructure,mfa_on_channel_admins,,
pennylane-qiskit,Identity & access infrastructure,channel_admin_transfer,,
pennylane-qiskit,Communication channels,official_channel_statement,,
pennylane-qiskit,Communication channels,impersonation_reporting,,
pennylane-qiskit,Knowledge infrastructure,disclosure_depth,,
pennylane-qiskit,Distribution metadata,signed_releases,Scorecard (Signed-Releases); Sigstore,
pennylane-qiskit,Distribution metadata,sbom,Scorecard (SBOM); SLSA,
pennylane-qiskit,Distribution metadata,provenance_attestation,SLSA; Sigstore,
pennylane,Identity & access infrastructure,multi_maintainer,"Scorecard (Code-Review/Contributors, partial)",
pennylane,Identity & access infrastructure,mfa_on_channel_admins,,
pennylane,Identity & access infrastructure,channel_admin_transfer,,
pennylane,Communication channels,official_channel_statement,,
pennylane,Communication channels,impersonation_reporting,,
pennylane,Knowledge infrastructure,disclosure_depth,,
pennylane,Distribution metadata,signed_releases,Scorecard (Signed-Releases); Sigstore,
pennylane,Distribution metadata,sbom,Scorecard (SBOM); SLSA,
pennylane,Distribution metadata,provenance_attestation,SLSA; Sigstore,
precice,Identity & access infrastructure,multi_maintainer,"Scorecard (Code-Review/Contributors, partial)",
precice,Identity & access infrastructure,mfa_on_channel_admins,,
precice,Identity & access infrastructure,channel_admin_transfer,,
precice,Communication channels,official_channel_statement,,
precice,Communication channels,impersonation_reporting,,
precice,Knowledge infrastructure,disclosure_depth,,
precice,Distribution metadata,signed_releases,Scorecard (Signed-Releases); Sigstore,
precice,Distribution metadata,sbom,Scorecard (SBOM); SLSA,
precice,Distribution metadata,provenance_attestation,SLSA; Sigstore,
prometeo,Identity & access infrastructure,multi_maintainer,"Scorecard (Code-Review/Contributors, partial)",
prometeo,Identity & access infrastructure,mfa_on_channel_admins,,
prometeo,Identity & access infrastructure,channel_admin_transfer,,
prometeo,Communication channels,official_channel_statement,,
prometeo,Communication channels,impersonation_reporting,,
prometeo,Knowledge infrastructure,disclosure_depth,,
prometeo,Distribution metadata,signed_releases,Scorecard (Signed-Releases); Sigstore,
prometeo,Distribution metadata,sbom,Scorecard (SBOM); SLSA,
prometeo,Distribution metadata,provenance_attestation,SLSA; Sigstore,
pyquil,Identity & access infrastructure,multi_maintainer,"Scorecard (Code-Review/Contributors, partial)",
pyquil,Identity & access infrastructure,mfa_on_channel_admins,,
pyquil,Identity & access infrastructure,channel_admin_transfer,,
pyquil,Communication channels,official_channel_statement,,
pyquil,Communication channels,impersonation_reporting,,
pyquil,Knowledge infrastructure,disclosure_depth,,
pyquil,Distribution metadata,signed_releases,Scorecard (Signed-Releases); Sigstore,
pyquil,Distribution metadata,sbom,Scorecard (SBOM); SLSA,
pyquil,Distribution metadata,provenance_attestation,SLSA; Sigstore,
pyzx,Identity & access infrastructure,multi_maintainer,"Scorecard (Code-Review/Contributors, partial)",
pyzx,Identity & access infrastructure,mfa_on_channel_admins,,
pyzx,Identity & access infrastructure,channel_admin_transfer,,
pyzx,Communication channels,official_channel_statement,,
pyzx,Communication channels,impersonation_reporting,,
pyzx,Knowledge infrastructure,disclosure_depth,,
pyzx,Distribution metadata,signed_releases,Scorecard (Signed-Releases); Sigstore,
pyzx,Distribution metadata,sbom,Scorecard (SBOM); SLSA,
pyzx,Distribution metadata,provenance_attestation,SLSA; Sigstore,
qdk,Identity & access infrastructure,multi_maintainer,"Scorecard (Code-Review/Contributors, partial)",
qdk,Identity & access infrastructure,mfa_on_channel_admins,,
qdk,Identity & access infrastructure,channel_admin_transfer,,
qdk,Communication channels,official_channel_statement,,
qdk,Communication channels,impersonation_reporting,,
qdk,Knowledge infrastructure,disclosure_depth,,
qdk,Distribution metadata,signed_releases,Scorecard (Signed-Releases); Sigstore,
qdk,Distribution metadata,sbom,Scorecard (SBOM); SLSA,
qdk,Distribution metadata,provenance_attestation,SLSA; Sigstore,
qibo,Identity & access infrastructure,multi_maintainer,"Scorecard (Code-Review/Contributors, partial)",
qibo,Identity & access infrastructure,mfa_on_channel_admins,,
qibo,Identity & access infrastructure,channel_admin_transfer,,
qibo,Communication channels,official_channel_statement,,
qibo,Communication channels,impersonation_reporting,,
qibo,Knowledge infrastructure,disclosure_depth,,
qibo,Distribution metadata,signed_releases,Scorecard (Signed-Releases); Sigstore,
qibo,Distribution metadata,sbom,Scorecard (SBOM); SLSA,
qibo,Distribution metadata,provenance_attestation,SLSA; Sigstore,
qiskit-aer,Identity & access infrastructure,multi_maintainer,"Scorecard (Code-Review/Contributors, partial)",
qiskit-aer,Identity & access infrastructure,mfa_on_channel_admins,,
qiskit-aer,Identity & access infrastructure,channel_admin_transfer,,
qiskit-aer,Communication channels,official_channel_statement,,
qiskit-aer,Communication channels,impersonation_reporting,,
qiskit-aer,Knowledge infrastructure,disclosure_depth,,
qiskit-aer,Distribution metadata,signed_releases,Scorecard (Signed-Releases); Sigstore,
qiskit-aer,Distribution metadata,sbom,Scorecard (SBOM); SLSA,
qiskit-aer,Distribution metadata,provenance_attestation,SLSA; Sigstore,
qiskit-ibm-runtime,Identity & access infrastructure,multi_maintainer,"Scorecard (Code-Review/Contributors, partial)",
qiskit-ibm-runtime,Identity & access infrastructure,mfa_on_channel_admins,,
qiskit-ibm-runtime,Identity & access infrastructure,channel_admin_transfer,,
qiskit-ibm-runtime,Communication channels,official_channel_statement,,
qiskit-ibm-runtime,Communication channels,impersonation_reporting,,
qiskit-ibm-runtime,Knowledge infrastructure,disclosure_depth,,
qiskit-ibm-runtime,Distribution metadata,signed_releases,Scorecard (Signed-Releases); Sigstore,
qiskit-ibm-runtime,Distribution metadata,sbom,Scorecard (SBOM); SLSA,
qiskit-ibm-runtime,Distribution metadata,provenance_attestation,SLSA; Sigstore,
qiskit-machine-learning,Identity & access infrastructure,multi_maintainer,"Scorecard (Code-Review/Contributors, partial)",
qiskit-machine-learning,Identity & access infrastructure,mfa_on_channel_admins,,
qiskit-machine-learning,Identity & access infrastructure,channel_admin_transfer,,
qiskit-machine-learning,Communication channels,official_channel_statement,,
qiskit-machine-learning,Communication channels,impersonation_reporting,,
qiskit-machine-learning,Knowledge infrastructure,disclosure_depth,,
qiskit-machine-learning,Distribution metadata,signed_releases,Scorecard (Signed-Releases); Sigstore,
qiskit-machine-learning,Distribution metadata,sbom,Scorecard (SBOM); SLSA,
qiskit-machine-learning,Distribution metadata,provenance_attestation,SLSA; Sigstore,
qiskit,Identity & access infrastructure,multi_maintainer,"Scorecard (Code-Review/Contributors, partial)",
qiskit,Identity & access infrastructure,mfa_on_channel_admins,,
qiskit,Identity & access infrastructure,channel_admin_transfer,,
qiskit,Communication channels,official_channel_statement,,
qiskit,Communication channels,impersonation_reporting,,
qiskit,Knowledge infrastructure,disclosure_depth,,
qiskit,Distribution metadata,signed_releases,Scorecard (Signed-Releases); Sigstore,
qiskit,Distribution metadata,sbom,Scorecard (SBOM); SLSA,
qiskit,Distribution metadata,provenance_attestation,SLSA; Sigstore,
qmasm,Identity & access infrastructure,multi_maintainer,"Scorecard (Code-Review/Contributors, partial)",
qmasm,Identity & access infrastructure,mfa_on_channel_admins,,
qmasm,Identity & access infrastructure,channel_admin_transfer,,
qmasm,Communication channels,official_channel_statement,,
qmasm,Communication channels,impersonation_reporting,,
qmasm,Knowledge infrastructure,disclosure_depth,,
qmasm,Distribution metadata,signed_releases,Scorecard (Signed-Releases); Sigstore,
qmasm,Distribution metadata,sbom,Scorecard (SBOM); SLSA,
qmasm,Distribution metadata,provenance_attestation,SLSA; Sigstore,
qpp,Identity & access infrastructure,multi_maintainer,"Scorecard (Code-Review/Contributors, partial)",
qpp,Identity & access infrastructure,mfa_on_channel_admins,,
qpp,Identity & access infrastructure,channel_admin_transfer,,
qpp,Communication channels,official_channel_statement,,
qpp,Communication channels,impersonation_reporting,,
qpp,Knowledge infrastructure,disclosure_depth,,
qpp,Distribution metadata,signed_releases,Scorecard (Signed-Releases); Sigstore,
qpp,Distribution metadata,sbom,Scorecard (SBOM); SLSA,
qpp,Distribution metadata,provenance_attestation,SLSA; Sigstore,
qsim,Identity & access infrastructure,multi_maintainer,"Scorecard (Code-Review/Contributors, partial)",
qsim,Identity & access infrastructure,mfa_on_channel_admins,,
qsim,Identity & access infrastructure,channel_admin_transfer,,
qsim,Communication channels,official_channel_statement,,
qsim,Communication channels,impersonation_reporting,,
qsim,Knowledge infrastructure,disclosure_depth,,
qsim,Distribution metadata,signed_releases,Scorecard (Signed-Releases); Sigstore,
qsim,Distribution metadata,sbom,Scorecard (SBOM); SLSA,
qsim,Distribution metadata,provenance_attestation,SLSA; Sigstore,
quantum-neural-networks,Identity & access infrastructure,multi_maintainer,"Scorecard (Code-Review/Contributors, partial)",
quantum-neural-networks,Identity & access infrastructure,mfa_on_channel_admins,,
quantum-neural-networks,Identity & access infrastructure,channel_admin_transfer,,
quantum-neural-networks,Communication channels,official_channel_statement,,
quantum-neural-networks,Communication channels,impersonation_reporting,,
quantum-neural-networks,Knowledge infrastructure,disclosure_depth,,
quantum-neural-networks,Distribution metadata,signed_releases,Scorecard (Signed-Releases); Sigstore,
quantum-neural-networks,Distribution metadata,sbom,Scorecard (SBOM); SLSA,
quantum-neural-networks,Distribution metadata,provenance_attestation,SLSA; Sigstore,
quantum,Identity & access infrastructure,multi_maintainer,"Scorecard (Code-Review/Contributors, partial)",
quantum,Identity & access infrastructure,mfa_on_channel_admins,,
quantum,Identity & access infrastructure,channel_admin_transfer,,
quantum,Communication channels,official_channel_statement,,
quantum,Communication channels,impersonation_reporting,,
quantum,Knowledge infrastructure,disclosure_depth,,
quantum,Distribution metadata,signed_releases,Scorecard (Signed-Releases); Sigstore,
quantum,Distribution metadata,sbom,Scorecard (SBOM); SLSA,
quantum,Distribution metadata,provenance_attestation,SLSA; Sigstore,
quantumcomputingbook,Identity & access infrastructure,multi_maintainer,"Scorecard (Code-Review/Contributors, partial)",
quantumcomputingbook,Identity & access infrastructure,mfa_on_channel_admins,,
quantumcomputingbook,Identity & access infrastructure,channel_admin_transfer,,
quantumcomputingbook,Communication channels,official_channel_statement,,
quantumcomputingbook,Communication channels,impersonation_reporting,,
quantumcomputingbook,Knowledge infrastructure,disclosure_depth,,
quantumcomputingbook,Distribution metadata,signed_releases,Scorecard (Signed-Releases); Sigstore,
quantumcomputingbook,Distribution metadata,sbom,Scorecard (SBOM); SLSA,
quantumcomputingbook,Distribution metadata,provenance_attestation,SLSA; Sigstore,
quimb,Identity & access infrastructure,multi_maintainer,"Scorecard (Code-Review/Contributors, partial)",
quimb,Identity & access infrastructure,mfa_on_channel_admins,,
quimb,Identity & access infrastructure,channel_admin_transfer,,
quimb,Communication channels,official_channel_statement,,
quimb,Communication channels,impersonation_reporting,,
quimb,Knowledge infrastructure,disclosure_depth,,
quimb,Distribution metadata,signed_releases,Scorecard (Signed-Releases); Sigstore,
quimb,Distribution metadata,sbom,Scorecard (SBOM); SLSA,
quimb,Distribution metadata,provenance_attestation,SLSA; Sigstore,
qulacs,Identity & access infrastructure,multi_maintainer,"Scorecard (Code-Review/Contributors, partial)",
qulacs,Identity & access infrastructure,mfa_on_channel_admins,,
qulacs,Identity & access infrastructure,channel_admin_transfer,,
qulacs,Communication channels,official_channel_statement,,
qulacs,Communication channels,impersonation_reporting,,
qulacs,Knowledge infrastructure,disclosure_depth,,
qulacs,Distribution metadata,signed_releases,Scorecard (Signed-Releases); Sigstore,
qulacs,Distribution metadata,sbom,Scorecard (SBOM); SLSA,
qulacs,Distribution metadata,provenance_attestation,SLSA; Sigstore,
qutip-notebooks,Identity & access infrastructure,multi_maintainer,"Scorecard (Code-Review/Contributors, partial)",
qutip-notebooks,Identity & access infrastructure,mfa_on_channel_admins,,
qutip-notebooks,Identity & access infrastructure,channel_admin_transfer,,
qutip-notebooks,Communication channels,official_channel_statement,,
qutip-notebooks,Communication channels,impersonation_reporting,,
qutip-notebooks,Knowledge infrastructure,disclosure_depth,,
qutip-notebooks,Distribution metadata,signed_releases,Scorecard (Signed-Releases); Sigstore,
qutip-notebooks,Distribution metadata,sbom,Scorecard (SBOM); SLSA,
qutip-notebooks,Distribution metadata,provenance_attestation,SLSA; Sigstore,
qutip-qip,Identity & access infrastructure,multi_maintainer,"Scorecard (Code-Review/Contributors, partial)",
qutip-qip,Identity & access infrastructure,mfa_on_channel_admins,,
qutip-qip,Identity & access infrastructure,channel_admin_transfer,,
qutip-qip,Communication channels,official_channel_statement,,
qutip-qip,Communication channels,impersonation_reporting,,
qutip-qip,Knowledge infrastructure,disclosure_depth,,
qutip-qip,Distribution metadata,signed_releases,Scorecard (Signed-Releases); Sigstore,
qutip-qip,Distribution metadata,sbom,Scorecard (SBOM); SLSA,
qutip-qip,Distribution metadata,provenance_attestation,SLSA; Sigstore,
qutip,Identity & access infrastructure,multi_maintainer,"Scorecard (Code-Review/Contributors, partial)",
qutip,Identity & access infrastructure,mfa_on_channel_admins,,
qutip,Identity & access infrastructure,channel_admin_transfer,,
qutip,Communication channels,official_channel_statement,,
qutip,Communication channels,impersonation_reporting,,
qutip,Knowledge infrastructure,disclosure_depth,,
qutip,Distribution metadata,signed_releases,Scorecard (Signed-Releases); Sigstore,
qutip,Distribution metadata,sbom,Scorecard (SBOM); SLSA,
qutip,Distribution metadata,provenance_attestation,SLSA; Sigstore,
rose,Identity & access infrastructure,multi_maintainer,"Scorecard (Code-Review/Contributors, partial)",
rose,Identity & access infrastructure,mfa_on_channel_admins,,
rose,Identity & access infrastructure,channel_admin_transfer,,
rose,Communication channels,official_channel_statement,,
rose,Communication channels,impersonation_reporting,,
rose,Knowledge infrastructure,disclosure_depth,,
rose,Distribution metadata,signed_releases,Scorecard (Signed-Releases); Sigstore,
rose,Distribution metadata,sbom,Scorecard (SBOM); SLSA,
rose,Distribution metadata,provenance_attestation,SLSA; Sigstore,
rsmpi,Identity & access infrastructure,multi_maintainer,"Scorecard (Code-Review/Contributors, partial)",
rsmpi,Identity & access infrastructure,mfa_on_channel_admins,,
rsmpi,Identity & access infrastructure,channel_admin_transfer,,
rsmpi,Communication channels,official_channel_statement,,
rsmpi,Communication channels,impersonation_reporting,,
rsmpi,Knowledge infrastructure,disclosure_depth,,
rsmpi,Distribution metadata,signed_releases,Scorecard (Signed-Releases); Sigstore,
rsmpi,Distribution metadata,sbom,Scorecard (SBOM); SLSA,
rsmpi,Distribution metadata,provenance_attestation,SLSA; Sigstore,
rustworkx,Identity & access infrastructure,multi_maintainer,"Scorecard (Code-Review/Contributors, partial)",
rustworkx,Identity & access infrastructure,mfa_on_channel_admins,,
rustworkx,Identity & access infrastructure,channel_admin_transfer,,
rustworkx,Communication channels,official_channel_statement,,
rustworkx,Communication channels,impersonation_reporting,,
rustworkx,Knowledge infrastructure,disclosure_depth,,
rustworkx,Distribution metadata,signed_releases,Scorecard (Signed-Releases); Sigstore,
rustworkx,Distribution metadata,sbom,Scorecard (SBOM); SLSA,
rustworkx,Distribution metadata,provenance_attestation,SLSA; Sigstore,
sevendayshpc,Identity & access infrastructure,multi_maintainer,"Scorecard (Code-Review/Contributors, partial)",
sevendayshpc,Identity & access infrastructure,mfa_on_channel_admins,,
sevendayshpc,Identity & access infrastructure,channel_admin_transfer,,
sevendayshpc,Communication channels,official_channel_statement,,
sevendayshpc,Communication channels,impersonation_reporting,,
sevendayshpc,Knowledge infrastructure,disclosure_depth,,
sevendayshpc,Distribution metadata,signed_releases,Scorecard (Signed-Releases); Sigstore,
sevendayshpc,Distribution metadata,sbom,Scorecard (SBOM); SLSA,
sevendayshpc,Distribution metadata,provenance_attestation,SLSA; Sigstore,
silq,Identity & access infrastructure,multi_maintainer,"Scorecard (Code-Review/Contributors, partial)",
silq,Identity & access infrastructure,mfa_on_channel_admins,,
silq,Identity & access infrastructure,channel_admin_transfer,,
silq,Communication channels,official_channel_statement,,
silq,Communication channels,impersonation_reporting,,
silq,Knowledge infrastructure,disclosure_depth,,
silq,Distribution metadata,signed_releases,Scorecard (Signed-Releases); Sigstore,
silq,Distribution metadata,sbom,Scorecard (SBOM); SLSA,
silq,Distribution metadata,provenance_attestation,SLSA; Sigstore,
spack,Identity & access infrastructure,multi_maintainer,"Scorecard (Code-Review/Contributors, partial)",
spack,Identity & access infrastructure,mfa_on_channel_admins,,
spack,Identity & access infrastructure,channel_admin_transfer,,
spack,Communication channels,official_channel_statement,,
spack,Communication channels,impersonation_reporting,,
spack,Knowledge infrastructure,disclosure_depth,,
spack,Distribution metadata,signed_releases,Scorecard (Signed-Releases); Sigstore,
spack,Distribution metadata,sbom,Scorecard (SBOM); SLSA,
spack,Distribution metadata,provenance_attestation,SLSA; Sigstore,
sse2neon,Identity & access infrastructure,multi_maintainer,"Scorecard (Code-Review/Contributors, partial)",
sse2neon,Identity & access infrastructure,mfa_on_channel_admins,,
sse2neon,Identity & access infrastructure,channel_admin_transfer,,
sse2neon,Communication channels,official_channel_statement,,
sse2neon,Communication channels,impersonation_reporting,,
sse2neon,Knowledge infrastructure,disclosure_depth,,
sse2neon,Distribution metadata,signed_releases,Scorecard (Signed-Releases); Sigstore,
sse2neon,Distribution metadata,sbom,Scorecard (SBOM); SLSA,
sse2neon,Distribution metadata,provenance_attestation,SLSA; Sigstore,
sundials,Identity & access infrastructure,multi_maintainer,"Scorecard (Code-Review/Contributors, partial)",
sundials,Identity & access infrastructure,mfa_on_channel_admins,,
sundials,Identity & access infrastructure,channel_admin_transfer,,
sundials,Communication channels,official_channel_statement,,
sundials,Communication channels,impersonation_reporting,,
sundials,Knowledge infrastructure,disclosure_depth,,
sundials,Distribution metadata,signed_releases,Scorecard (Signed-Releases); Sigstore,
sundials,Distribution metadata,sbom,Scorecard (SBOM); SLSA,
sundials,Distribution metadata,provenance_attestation,SLSA; Sigstore,
targets,Identity & access infrastructure,multi_maintainer,"Scorecard (Code-Review/Contributors, partial)",
targets,Identity & access infrastructure,mfa_on_channel_admins,,
targets,Identity & access infrastructure,channel_admin_transfer,,
targets,Communication channels,official_channel_statement,,
targets,Communication channels,impersonation_reporting,,
targets,Knowledge infrastructure,disclosure_depth,,
targets,Distribution metadata,signed_releases,Scorecard (Signed-Releases); Sigstore,
targets,Distribution metadata,sbom,Scorecard (SBOM); SLSA,
targets,Distribution metadata,provenance_attestation,SLSA; Sigstore,
taskflow,Identity & access infrastructure,multi_maintainer,"Scorecard (Code-Review/Contributors, partial)",
taskflow,Identity & access infrastructure,mfa_on_channel_admins,,
taskflow,Identity & access infrastructure,channel_admin_transfer,,
taskflow,Communication channels,official_channel_statement,,
taskflow,Communication channels,impersonation_reporting,,
taskflow,Knowledge infrastructure,disclosure_depth,,
taskflow,Distribution metadata,signed_releases,Scorecard (Signed-Releases); Sigstore,
taskflow,Distribution metadata,sbom,Scorecard (SBOM); SLSA,
taskflow,Distribution metadata,provenance_attestation,SLSA; Sigstore,
tf-quant-finance,Identity & access infrastructure,multi_maintainer,"Scorecard (Code-Review/Contributors, partial)",
tf-quant-finance,Identity & access infrastructure,mfa_on_channel_admins,,
tf-quant-finance,Identity & access infrastructure,channel_admin_transfer,,
tf-quant-finance,Communication channels,official_channel_statement,,
tf-quant-finance,Communication channels,impersonation_reporting,,
tf-quant-finance,Knowledge infrastructure,disclosure_depth,,
tf-quant-finance,Distribution metadata,signed_releases,Scorecard (Signed-Releases); Sigstore,
tf-quant-finance,Distribution metadata,sbom,Scorecard (SBOM); SLSA,
tf-quant-finance,Distribution metadata,provenance_attestation,SLSA; Sigstore,
thread-pool,Identity & access infrastructure,multi_maintainer,"Scorecard (Code-Review/Contributors, partial)",
thread-pool,Identity & access infrastructure,mfa_on_channel_admins,,
thread-pool,Identity & access infrastructure,channel_admin_transfer,,
thread-pool,Communication channels,official_channel_statement,,
thread-pool,Communication channels,impersonation_reporting,,
thread-pool,Knowledge infrastructure,disclosure_depth,,
thread-pool,Distribution metadata,signed_releases,Scorecard (Signed-Releases); Sigstore,
thread-pool,Distribution metadata,sbom,Scorecard (SBOM); SLSA,
thread-pool,Distribution metadata,provenance_attestation,SLSA; Sigstore,
toqito,Identity & access infrastructure,multi_maintainer,"Scorecard (Code-Review/Contributors, partial)",
toqito,Identity & access infrastructure,mfa_on_channel_admins,,
toqito,Identity & access infrastructure,channel_admin_transfer,,
toqito,Communication channels,official_channel_statement,,
toqito,Communication channels,impersonation_reporting,,
toqito,Knowledge infrastructure,disclosure_depth,,
toqito,Distribution metadata,signed_releases,Scorecard (Signed-Releases); Sigstore,
toqito,Distribution metadata,sbom,Scorecard (SBOM); SLSA,
toqito,Distribution metadata,provenance_attestation,SLSA; Sigstore,
torchquantum,Identity & access infrastructure,multi_maintainer,"Scorecard (Code-Review/Contributors, partial)",
torchquantum,Identity & access infrastructure,mfa_on_channel_admins,,
torchquantum,Identity & access infrastructure,channel_admin_transfer,,
torchquantum,Communication channels,official_channel_statement,,
torchquantum,Communication channels,impersonation_reporting,,
torchquantum,Knowledge infrastructure,disclosure_depth,,
torchquantum,Distribution metadata,signed_releases,Scorecard (Signed-Releases); Sigstore,
torchquantum,Distribution metadata,sbom,Scorecard (SBOM); SLSA,
torchquantum,Distribution metadata,provenance_attestation,SLSA; Sigstore,
ucx,Identity & access infrastructure,multi_maintainer,"Scorecard (Code-Review/Contributors, partial)",
ucx,Identity & access infrastructure,mfa_on_channel_admins,,
ucx,Identity & access infrastructure,channel_admin_transfer,,
ucx,Communication channels,official_channel_statement,,
ucx,Communication channels,impersonation_reporting,,
ucx,Knowledge infrastructure,disclosure_depth,,
ucx,Distribution metadata,signed_releases,Scorecard (Signed-Releases); Sigstore,
ucx,Distribution metadata,sbom,Scorecard (SBOM); SLSA,
ucx,Distribution metadata,provenance_attestation,SLSA; Sigstore,
vectorious,Identity & access infrastructure,multi_maintainer,"Scorecard (Code-Review/Contributors, partial)",
vectorious,Identity & access infrastructure,mfa_on_channel_admins,,
vectorious,Identity & access infrastructure,channel_admin_transfer,,
vectorious,Communication channels,official_channel_statement,,
vectorious,Communication channels,impersonation_reporting,,
vectorious,Knowledge infrastructure,disclosure_depth,,
vectorious,Distribution metadata,signed_releases,Scorecard (Signed-Releases); Sigstore,
vectorious,Distribution metadata,sbom,Scorecard (SBOM); SLSA,
vectorious,Distribution metadata,provenance_attestation,SLSA; Sigstore,
wiretap,Identity & access infrastructure,multi_maintainer,"Scorecard (Code-Review/Contributors, partial)",
wiretap,Identity & access infrastructure,mfa_on_channel_admins,,
wiretap,Identity & access infrastructure,channel_admin_transfer,,
wiretap,Communication channels,official_channel_statement,,
wiretap,Communication channels,impersonation_reporting,,
wiretap,Knowledge infrastructure,disclosure_depth,,
wiretap,Distribution metadata,signed_releases,Scorecard (Signed-Releases); Sigstore,
wiretap,Distribution metadata,sbom,Scorecard (SBOM); SLSA,
wiretap,Distribution metadata,provenance_attestation,SLSA; Sigstore,
zfp,Identity & access infrastructure,multi_maintainer,"Scorecard (Code-Review/Contributors, partial)",
zfp,Identity & access infrastructure,mfa_on_channel_admins,,
zfp,Identity & access infrastructure,channel_admin_transfer,,
zfp,Communication channels,official_channel_statement,,
zfp,Communication channels,impersonation_reporting,,
zfp,Knowledge infrastructure,disclosure_depth,,
zfp,Distribution metadata,signed_releases,Scorecard (Signed-Releases); Sigstore,
zfp,Distribution metadata,sbom,Scorecard (SBOM); SLSA,
zfp,Distribution metadata,provenance_attestation,SLSA; Sigstore,
